ticker,datadate,prccm,prchm,prclm,cshom
MSFT,2025-03-31,,,,
QCOM,2025-03-31,,,,
GOOGL,2025-03-31,,,,
NVDA,2025-03-31,,,,
META,2025-03-31,,,,
GOOG,2025-03-31,,,,
SNOW,2025-02-28,177.1,194.4,160.66,330100000.0
NFLX,2025-02-28,980.56,1064.5,955.0,427757000.0
AAPL,2025-02-28,241.84,250.0,225.7,15022073000.0
INTC,2025-02-28,23.73,27.55,18.78,4330000000.0
AMD,2025-02-28,99.86,119.85,98.69,1620478000.0
TSLA,2025-02-28,292.98,394.0,273.6,3216517000.0
QCOM,2025-02-28,157.17,177.0,153.4,1106000000.0
GOOG,2025-02-28,172.22,208.7,168.39,5497000000.0
META,2025-02-28,668.2,740.91,641.86,2189898000.0
NVDA,2025-02-28,124.92,143.44,113.01,24490000000.0
ZM,2025-02-28,73.7,88.62,72.28,262100000.0
PYPL,2025-02-28,71.05,89.71,69.682,989242000.0
AVGO,2025-02-28,199.43,237.9299,193.15,4687356000.0
MSFT,2025-02-28,396.99,419.31,386.57,7433982000.0
CRM,2025-02-28,297.85,348.04,292.1536,957000000.0
GOOGL,2025-02-28,170.28,207.05,166.77,5833000000.0
ADBE,2025-02-28,438.56,465.6999,430.88,435309000.0
SHOP,2025-02-28,112.0,129.38,107.0,1215528000.0
PLTR,2025-02-28,84.92,125.41,78.47,2248951000.0
AMZN,2025-02-28,212.28,242.52,204.16,10597729000.0
INTC,2025-01-31,19.43,22.41,18.73,4313000000.0
ADBE,2025-01-31,437.45,450.12,403.75,435309000.0
AAPL,2025-01-31,236.0,249.1,219.38,15037874000.0
META,2025-01-31,689.18,710.79,587.82,2180001000.0
AMD,2025-01-31,115.95,131.71,112.8,1622807000.0
TSLA,2025-01-31,404.6,439.74,373.04,3216517000.0
ZM,2025-01-31,86.94,88.9,76.38,262100000.0
AMZN,2025-01-31,237.68,241.77,216.2,10515011000.0
CRM,2025-01-31,341.7,367.09,313.8,957000000.0
NFLX,2025-01-31,976.76,999.0,823.519,427757000.0
NVDA,2025-01-31,120.07,153.13,116.25,24490000000.0
PYPL,2025-01-31,88.58,93.245,81.79,1002539000.0
SNOW,2025-01-31,181.51,188.4299,154.96,330100000.0
SHOP,2025-01-31,116.8,122.0,99.05,1212833000.0
MSFT,2025-01-31,415.06,448.38,410.72,7433982000.0
PLTR,2025-01-31,82.49,85.22,63.4,2180654000.0
GOOGL,2025-01-31,204.02,205.48,187.36,5843000000.0
AVGO,2025-01-31,221.27,249.59,196.23,4687356000.0
GOOG,2025-01-31,205.6,207.08,188.66,5534000000.0
QCOM,2025-01-31,172.93,176.79,152.79,1105392000.0
ZM,2024-12-31,81.61,87.72,81.27,262100000.0
MSFT,2024-12-31,421.5,456.1648,420.66,7434881000.0
AAPL,2024-12-31,250.42,260.1,237.16,15115823000.0
AMZN,2024-12-31,219.39,233.0,209.5101,10515011000.0
NVDA,2024-12-31,134.29,146.54,126.86,24490000000.0
PLTR,2024-12-31,75.63,84.7968,65.96,2180654000.0
ADBE,2024-12-31,444.68,557.8999,432.47,440200000.0
INTC,2024-12-31,20.05,25.48,18.9,4313000000.0
GOOGL,2024-12-31,189.3,201.42,168.57,5843000000.0
NFLX,2024-12-31,891.32,941.75,884.12,427458000.0
GOOG,2024-12-31,190.44,202.88,170.27,5534000000.0
SNOW,2024-12-31,154.41,186.9,153.12,330100000.0
AVGO,2024-12-31,231.84,251.88,162.75,4687356000.0
AMD,2024-12-31,120.79,144.12,117.9,1622807000.0
PYPL,2024-12-31,85.35,93.66,84.5,1002539000.0
TSLA,2024-12-31,403.84,488.5399,348.2,3210060000.0
META,2024-12-31,585.51,638.4,575.57,2180001000.0
CRM,2024-12-31,334.33,369.0,323.65,957000000.0
SHOP,2024-12-31,106.33,120.72,104.5,1212833000.0
QCOM,2024-12-31,153.62,165.0,149.43,1111000000.0
AAPL,2024-11-30,237.33,237.81,219.71,15115823000.0
TSLA,2024-11-30,345.16,361.93,238.88,3210060000.0
INTC,2024-11-30,24.05,26.43,21.91,4313000000.0
PLTR,2024-11-30,67.08,67.88,41.0315,2180654000.0
AVGO,2024-11-30,162.08,185.05,157.54,4670576000.0
PYPL,2024-11-30,86.77,88.74,76.46,1002539000.0
AMD,2024-11-30,137.175,150.71,132.96,1622807000.0
GOOGL,2024-11-30,168.95,182.49,163.7,5843000000.0
AMZN,2024-11-30,207.89,215.9,194.3101,10515011000.0
ADBE,2024-11-30,515.93,539.92,475.05,440200000.0
NFLX,2024-11-30,886.81,908.0,747.77,427458000.0
SHOP,2024-11-30,115.6,116.3502,77.7,1212830000.0
QCOM,2024-11-30,158.53,182.1,152.9505,1111000000.0
ZM,2024-11-30,82.69,92.8,74.52,262100000.0
GOOG,2024-11-30,170.49,184.025,165.31,5534000000.0
META,2024-11-30,574.32,599.66,549.05,2180001000.0
MSFT,2024-11-30,423.46,429.325,405.5713,7434881000.0
NVDA,2024-11-30,138.25,152.89,131.8,24490000000.0
CRM,2024-11-30,329.99,348.86,290.0,956000000.0
SNOW,2024-11-30,174.8,178.7,113.23,330100000.0
AVGO,2024-10-31,169.77,186.42,165.8,4670576000.0
NFLX,2024-10-31,756.03,773.0,677.88,427458000.0
ADBE,2024-10-31,478.08,519.0,477.38,440200000.0
SHOP,2024-10-31,78.21,84.37,77.1201,1211122000.0
NVDA,2024-10-31,132.76,144.42,115.14,24530000000.0
QCOM,2024-10-31,162.77,179.825,162.08,1114000000.0
INTC,2024-10-31,21.52,23.82,21.47,4276000000.0
PLTR,2024-10-31,41.56,45.14,36.05,2142323000.0
CRM,2024-10-31,291.37,300.595,269.69,956000000.0
SNOW,2024-10-31,114.82,126.99,108.71,335200000.0
META,2024-10-31,567.58,602.95,561.52,2184729000.0
ZM,2024-10-31,74.74,75.96,66.873,262129000.0
MSFT,2024-10-31,406.35,438.5,406.3,7434881000.0
PYPL,2024-10-31,79.3,83.7,76.04,1002539000.0
AMZN,2024-10-31,186.4,195.61,180.25,10495567000.0
TSLA,2024-10-31,249.85,273.536,212.11,3210060000.0
AAPL,2024-10-31,225.91,237.49,221.33,15204137000.0
GOOG,2024-10-31,172.69,183.79,161.12,5585000000.0
GOOGL,2024-10-31,171.11,182.02,159.74,5859000000.0
AMD,2024-10-31,144.07,174.05,143.33,1622807000.0
ADBE,2024-09-30,517.78,587.75,506.4901,440200000.0
PLTR,2024-09-30,37.2,38.19,29.31,2142323000.0
AMZN,2024-09-30,186.33,195.37,171.16,10495567000.0
TSLA,2024-09-30,261.63,264.86,209.64,3194640000.0
META,2024-09-30,572.44,577.4,495.6,2184729000.0
QCOM,2024-09-30,170.05,176.8,157.13,1114000000.0
NFLX,2024-09-30,709.27,725.26,660.8,429165000.0
GOOG,2024-09-30,167.19,167.36,148.2,5585000000.0
SHOP,2024-09-30,80.14,81.15,65.86,1211122000.0
GOOGL,2024-09-30,165.85,166.15,147.215,5859000000.0
CRM,2024-09-30,273.71,278.64,241.4401,956000000.0
NVDA,2024-09-30,121.44,127.665,100.95,24530000000.0
PYPL,2024-09-30,78.03,80.6299,67.15,1022333000.0
AMD,2024-09-30,164.08,168.7286,132.1101,1618482000.0
AVGO,2024-09-30,172.5,180.25,134.9,4670576000.0
ZM,2024-09-30,69.74,70.41,65.87,262129000.0
MSFT,2024-09-30,430.3,441.85,400.8,7433038000.0
SNOW,2024-09-30,114.86,116.62,107.13,335200000.0
AAPL,2024-09-30,233.0,233.09,213.92,15204137000.0
INTC,2024-09-30,23.46,24.66,18.51,4276000000.0
QCOM,2024-08-31,175.3,176.97,151.3901,1114000000.0
CRM,2024-08-31,252.9,271.95,232.21,956000000.0
INTC,2024-08-31,22.04,30.71,18.84,4276000000.0
AAPL,2024-08-31,229.0,232.92,196.0,15204137000.0
GOOGL,2024-08-31,163.38,174.05,154.93,5859000000.0
SNOW,2024-08-31,114.23,135.72,107.93,335200000.0
SHOP,2024-08-31,74.07,76.83,48.56,1211122000.0
MSFT,2024-08-31,417.14,427.46,385.58,7433038000.0
AVGO,2024-08-31,162.82,172.42,128.5,4654884000.0
PYPL,2024-08-31,72.43,73.93,58.65,1022333000.0
ZM,2024-08-31,69.08,72.36,55.06,262129000.0
NFLX,2024-08-31,701.35,711.33,587.04,429165000.0
META,2024-08-31,521.31,544.23,450.8,2184729000.0
GOOG,2024-08-31,165.11,175.68,156.6,5585000000.0
ADBE,2024-08-31,574.41,578.4,500.0,443400000.0
TSLA,2024-08-31,214.11,231.867,182.0,3194640000.0
AMZN,2024-08-31,178.5,190.6,151.61,10495567000.0
PLTR,2024-08-31,31.48,33.125,21.23,2142323000.0
NVDA,2024-08-31,119.37,131.26,90.69,24530000000.0
AMD,2024-08-31,148.56,162.04,121.825,1618482000.0
ZM,2024-07-31,60.4,62.2195,55.7803,263617000.0
PLTR,2024-07-31,26.89,29.83,25.1421,2130337000.0
PYPL,2024-07-31,65.78,66.99,56.97,1022333000.0
GOOGL,2024-07-31,171.54,191.75,164.06,5859000000.0
AMD,2024-07-31,144.48,187.28,134.05,1616314000.0
MSFT,2024-07-31,418.35,468.35,412.21,7433038000.0
CRM,2024-07-31,258.8,266.075,245.17,969000000.0
SHOP,2024-07-31,61.2,70.04,58.04,1209425000.0
INTC,2024-07-31,30.74,37.16,30.005,4257000000.0
AVGO,2024-07-31,160.68,177.098,143.35,4654884000.0
AMZN,2024-07-31,186.98,201.2,176.8,10406627000.0
ADBE,2024-07-31,551.65,580.55,527.59,443400000.0
NFLX,2024-07-31,628.35,697.49,617.0001,429165000.0
QCOM,2024-07-31,180.95,211.09,166.7721,1116854000.0
NVDA,2024-07-31,117.02,136.15,102.54,24600000000.0
META,2024-07-31,474.83,542.81,442.65,2191446000.0
GOOG,2024-07-31,173.15,193.31,165.865,5585000000.0
SNOW,2024-07-31,130.38,146.46,125.5,334800000.0
TSLA,2024-07-31,232.07,271.0,200.85,3194640000.0
AAPL,2024-07-31,222.08,237.23,211.92,15334082000.0
CRM,2024-06-30,257.1,260.18,227.77,969000000.0
QCOM,2024-06-30,199.18,230.63,193.84,1116854000.0
AVGO,2024-06-30,1605.53,1851.62,1302.53,465488000.0
GOOGL,2024-06-30,182.15,186.05,171.16,5874000000.0
MSFT,2024-06-30,446.95,456.17,408.9234,7432306000.0
SHOP,2024-06-30,66.05,68.21,58.38,1209425000.0
META,2024-06-30,504.22,522.8799,468.24,2191446000.0
AMZN,2024-06-30,193.25,199.84,175.92,10406627000.0
ZM,2024-06-30,59.19,63.78,55.63,263617000.0
ADBE,2024-06-30,555.54,558.48,436.58,443400000.0
PYPL,2024-06-30,58.03,68.2985,57.21,1046046000.0
AMD,2024-06-30,162.21,171.08,153.34,1616314000.0
GOOG,2024-06-30,183.42,187.5,172.45,5627983000.0
NFLX,2024-06-30,674.88,689.88,626.44,430901000.0
SNOW,2024-06-30,135.09,139.06,122.6,334800000.0
AAPL,2024-06-30,210.62,220.2,192.15,15334082000.0
INTC,2024-06-30,30.97,31.48,29.94,4257000000.0
TSLA,2024-06-30,197.88,203.2,167.41,3189196000.0
PLTR,2024-06-30,25.33,26.57,21.005,2130337000.0
NVDA,2024-06-30,123.54,140.76,112.003,24598342000.0
PLTR,2024-05-31,21.68,25.355,20.5,2130337000.0
AMZN,2024-05-31,176.44,191.7,173.87,10406627000.0
NVDA,2024-05-31,1096.33,1158.1915,812.5456,2459834000.0
TSLA,2024-05-31,178.08,187.56,167.75,3189196000.0
GOOG,2024-05-31,173.96,179.95,164.9,5627983000.0
CRM,2024-05-31,234.44,290.02,212.0,969000000.0
AMD,2024-05-31,166.9,174.55,141.155,1616314000.0
SHOP,2024-05-31,59.15,77.825,56.31,1207926000.0
ZM,2024-05-31,61.34,65.4,60.105,263617000.0
GOOGL,2024-05-31,172.5,178.77,163.05,5874000000.0
INTC,2024-05-31,30.85,32.42,29.73,4257000000.0
ADBE,2024-05-31,444.76,496.755,433.97,448000000.0
SNOW,2024-05-31,136.18,168.7999,133.59,335042000.0
NFLX,2024-05-31,641.62,664.25,544.25,430965000.0
QCOM,2024-05-31,204.05,217.43,163.79,1116854000.0
PYPL,2024-05-31,62.99,67.89,60.85,1046046000.0
MSFT,2024-05-31,415.13,433.6,390.31,7432306000.0
META,2024-05-31,466.83,482.4999,427.11,2191446000.0
AAPL,2024-05-31,192.25,193.0,169.11,15334082000.0
AVGO,2024-05-31,1328.55,1445.4,1223.31,463421000.0
CRM,2024-04-30,268.94,311.3,268.355,970000000.0
PLTR,2024-04-30,21.97,24.1,20.33,2130436000.0
MSFT,2024-04-30,389.33,429.37,388.03,7432306000.0
QCOM,2024-04-30,165.85,175.99,156.34,1116854000.0
ZM,2024-04-30,61.1,67.04,58.88,260900000.0
NVDA,2024-04-30,864.02,922.25,756.06,2500000000.0
INTC,2024-04-30,30.47,45.41,30.42,4257000000.0
AMD,2024-04-30,158.38,187.24,145.29,1616140000.0
GOOG,2024-04-30,164.64,176.42,151.081,5627983000.0
AAPL,2024-04-30,170.33,178.36,164.075,15441881000.0
AVGO,2024-04-30,1300.27,1403.98,1197.56,463421000.0
TSLA,2024-04-30,183.28,198.87,138.8025,3189196000.0
SNOW,2024-04-30,155.2,163.75,144.32,334200000.0
AMZN,2024-04-30,175.0,189.77,166.32,10397186000.0
SHOP,2024-04-30,70.2,79.29,68.015,1207926000.0
NFLX,2024-04-30,550.64,639.0,542.01,430965000.0
GOOGL,2024-04-30,162.78,174.71,149.6,5877443000.0
ADBE,2024-04-30,462.83,506.92,462.28,448000000.0
META,2024-04-30,430.17,531.4899,414.5,2191142000.0
PYPL,2024-04-30,67.92,70.6618,61.725,1052643000.0
NFLX,2024-03-31,607.33,634.3899,592.0,432760000.0
CRM,2024-03-31,301.18,318.715,293.77,970000000.0
GOOGL,2024-03-31,150.93,152.256,130.665,5893000000.0
META,2024-03-31,485.58,523.57,476.0,2200049000.0
INTC,2024-03-31,44.17,46.6277,40.57,4228000000.0
ADBE,2024-03-31,504.6,585.35,485.0,448000000.0
NVDA,2024-03-31,903.56,974.0,794.3503,2500000000.0
AMD,2024-03-31,180.49,227.3,172.0,1615787000.0
QCOM,2024-03-31,169.3,177.59,158.07,1116854000.0
MSFT,2024-03-31,420.72,430.82,398.39,7430436000.0
SNOW,2024-03-31,161.6,194.2,151.49,334200000.0
SHOP,2024-03-31,77.17,83.39,72.64,1207926000.0
ZM,2024-03-31,65.37,71.2,65.33,260900000.0
AMZN,2024-03-31,180.38,181.7,171.47,10387381000.0
TSLA,2024-03-31,175.79,204.52,160.51,3184790000.0
PLTR,2024-03-31,23.01,27.5,22.92,2110902000.0
AVGO,2024-03-31,1325.41,1438.17,1204.02,463421000.0
GOOG,2024-03-31,152.26,153.2,131.55,5671000000.0
PYPL,2024-03-31,66.99,68.21,57.87,1071742000.0
AAPL,2024-03-31,171.48,180.53,168.49,15441881000.0
AMZN,2024-02-29,176.76,177.22,155.62,10387381000.0
SHOP,2024-02-29,76.37,91.57,73.85,1207926000.0
AVGO,2024-02-29,1300.49,1319.62,1179.11,468141000.0
PYPL,2024-02-29,60.34,64.9,55.77,1071742000.0
INTC,2024-02-29,43.05,45.27,41.6,4228000000.0
AMD,2024-02-29,192.53,193.0,161.81,1615787000.0
META,2024-02-29,490.13,494.3599,393.05,2200049000.0
AAPL,2024-02-29,180.75,191.05,179.25,15441881000.0
NVDA,2024-02-29,791.12,823.94,616.5,2500000000.0
GOOGL,2024-02-29,138.46,149.44,135.41,5893000000.0
ADBE,2024-02-29,560.28,638.25,528.01,452000000.0
NFLX,2024-02-29,602.92,605.36,549.0,432760000.0
ZM,2024-02-29,70.73,71.3,60.14,257786000.0
MSFT,2024-02-29,413.64,420.82,397.22,7430436000.0
TSLA,2024-02-29,201.88,205.6,175.01,3184790000.0
PLTR,2024-02-29,25.08,25.525,16.03,2110902000.0
GOOG,2024-02-29,139.78,150.695,136.64,5671000000.0
CRM,2024-02-29,308.82,310.54,276.4223,968000000.0
SNOW,2024-02-29,188.28,237.72,180.68,329300000.0
QCOM,2024-02-29,157.79,159.2,139.26,1116854000.0
PYPL,2024-01-31,61.35,68.21,56.471,1078140000.0
AMZN,2024-01-31,155.2,161.73,144.05,10334031000.0
ZM,2024-01-31,64.61,71.5,64.575,257786000.0
NVDA,2024-01-31,615.27,634.93,473.2,2470000000.0
GOOGL,2024-01-31,140.1,153.78,135.15,5918000000.0
NFLX,2024-01-31,564.11,579.64,461.86,432760000.0
PLTR,2024-01-31,16.09,18.3503,15.664,2069438000.0
INTC,2024-01-31,43.08,50.3,42.36,4228000000.0
AMD,2024-01-31,167.69,184.92,133.7413,1615499000.0
GOOG,2024-01-31,141.8,155.2,136.85,5725000000.0
AAPL,2024-01-31,184.4,196.38,180.17,15461896000.0
TSLA,2024-01-31,187.29,251.25,180.06,3184790000.0
AVGO,2024-01-31,1180.0,1284.5499,1041.51,468141000.0
META,2024-01-31,390.14,406.36,340.01,2219607000.0
ADBE,2024-01-31,617.78,636.25,563.34,452000000.0
CRM,2024-01-31,281.09,289.29,249.84,968000000.0
MSFT,2024-01-31,397.58,415.32,366.5,7430436000.0
SHOP,2024-01-31,80.07,83.575,70.615,1205587000.0
SNOW,2024-01-31,195.64,211.65,180.9525,329300000.0
QCOM,2024-01-31,148.51,157.98,134.9409,1116854000.0
SNOW,2023-12-31,199.0,202.8299,180.8,329300000.0
NFLX,2023-12-31,486.88,500.89,445.73,437680000.0
GOOG,2023-12-31,140.93,143.945,129.4,5725000000.0
TSLA,2023-12-31,248.48,265.13,228.2,3178921000.0
ADBE,2023-12-31,596.6,633.89,578.2,455300000.0
CRM,2023-12-31,263.14,268.36,246.8861,968000000.0
META,2023-12-31,353.96,361.9,313.66,2219607000.0
AMZN,2023-12-31,151.94,155.63,142.81,10334031000.0
NVDA,2023-12-31,495.22,504.3299,450.1,2470000000.0
QCOM,2023-12-31,144.63,146.89,128.03,1113000000.0
ZM,2023-12-31,71.91,74.7699,65.6,257786000.0
SHOP,2023-12-31,77.9,79.99,70.04,1205587000.0
PYPL,2023-12-31,61.41,64.13,57.32,1078140000.0
GOOGL,2023-12-31,139.69,142.68,127.9,5918000000.0
INTC,2023-12-31,50.25,51.28,41.17,4216000000.0
MSFT,2023-12-31,376.04,378.16,362.9,7432262000.0
PLTR,2023-12-31,17.17,20.29,17.05,2069438000.0
AVGO,2023-12-31,1116.25,1151.82,903.1,468141000.0
AMD,2023-12-31,147.41,151.05,116.37,1615499000.0
AAPL,2023-12-31,192.53,199.62,187.4511,15552752000.0
AVGO,2023-11-30,925.73,999.87,835.57,467141000.0
CRM,2023-11-30,251.9,252.5,200.49,973000000.0
PYPL,2023-11-30,57.61,60.2,51.095,1078140000.0
SNOW,2023-11-30,187.68,192.66,140.14,329700000.0
SHOP,2023-11-30,72.82,75.06,47.16,1205587000.0
NFLX,2023-11-30,473.97,482.7,414.1798,437680000.0
META,2023-11-30,327.15,342.92,301.85,2219607000.0
QCOM,2023-11-30,129.05,130.6,108.7,1113000000.0
PLTR,2023-11-30,20.05,21.85,14.48,2069438000.0
GOOG,2023-11-30,133.92,141.1,124.925,5725000000.0
AMD,2023-11-30,121.16,125.725,98.5,1615499000.0
ADBE,2023-11-30,611.01,628.6,534.0,455300000.0
ZM,2023-11-30,67.83,69.09,59.3501,257786000.0
INTC,2023-11-30,44.7,45.34,36.28,4216000000.0
MSFT,2023-11-30,378.91,384.3,339.65,7432262000.0
NVDA,2023-11-30,467.7,505.48,408.69,2470000000.0
AMZN,2023-11-30,146.09,149.26,133.71,10334031000.0
TSLA,2023-11-30,240.08,252.75,197.85,3178921000.0
AAPL,2023-11-30,189.95,192.93,170.12,15552752000.0
GOOGL,2023-11-30,132.53,139.42,123.715,5918000000.0
META,2023-10-31,301.27,330.54,279.403,2219607000.0
SNOW,2023-10-31,145.13,166.43,138.4,329700000.0
SHOP,2023-10-31,47.19,56.1962,45.5,1203500000.0
TSLA,2023-10-31,200.84,268.94,194.07,3178921000.0
CRM,2023-10-31,200.83,211.94,193.68,973000000.0
PYPL,2023-10-31,51.8,59.64,50.25,1098037000.0
GOOGL,2023-10-31,124.08,141.22,120.2057,5918000000.0
GOOG,2023-10-31,125.3,142.38,121.46,5725000000.0
MSFT,2023-10-31,338.11,346.2,311.215,7432262000.0
ZM,2023-10-31,59.98,71.375,58.87,250875000.0
AVGO,2023-10-31,841.37,925.91,808.91,412736000.0
ADBE,2023-10-31,532.06,574.4,504.55,455300000.0
AAPL,2023-10-31,170.77,182.34,165.67,15634232000.0
AMZN,2023-10-31,133.09,134.48,118.35,10334031000.0
AMD,2023-10-31,98.5,111.31,93.115,1615671000.0
PLTR,2023-10-31,14.8,18.44,14.55,2047249000.0
INTC,2023-10-31,36.5,37.22,32.145,4216000000.0
QCOM,2023-10-31,108.99,114.4,104.333,1116000000.0
NVDA,2023-10-31,407.8,476.09,392.3001,2470000000.0
NFLX,2023-10-31,411.69,418.84,344.73,437680000.0
TSLA,2023-09-30,250.22,278.98,234.58,3173994000.0
SNOW,2023-09-30,152.77,172.35,141.79,329700000.0
GOOG,2023-09-30,131.85,139.93,128.19,5801000000.0
ZM,2023-09-30,69.94,75.905,66.41,250875000.0
PYPL,2023-09-30,58.46,65.73,56.53,1098037000.0
MSFT,2023-09-30,315.75,340.86,309.45,7429764000.0
NFLX,2023-09-30,377.6,453.45,371.1,443147000.0
META,2023-09-30,300.21,312.87,286.79,2222583000.0
SHOP,2023-09-30,54.57,67.6,50.59,1203500000.0
AVGO,2023-09-30,830.58,901.87,795.09,412736000.0
AMD,2023-09-30,102.82,111.82,94.46,1615671000.0
ADBE,2023-09-30,509.9,570.2399,498.6955,455300000.0
QCOM,2023-09-30,111.06,117.06,105.51,1116000000.0
NVDA,2023-09-30,434.99,498.0,409.8,2470000000.0
INTC,2023-09-30,35.55,40.0681,33.64,4188000000.0
AMZN,2023-09-30,127.12,145.86,123.04,10317751000.0
CRM,2023-09-30,202.78,226.825,199.5503,973000000.0
GOOGL,2023-09-30,130.86,139.16,127.22,5933000000.0
PLTR,2023-09-30,16.0,16.81,13.68,2047249000.0
AAPL,2023-09-30,171.21,189.98,167.62,15634232000.0
ADBE,2023-08-31,559.34,562.1,503.9,455800000.0
TSLA,2023-08-31,258.08,266.47,212.36,3173994000.0
GOOGL,2023-08-31,136.17,138.0,126.3824,5933000000.0
SNOW,2023-08-31,156.85,177.71,142.4001,325900000.0
NFLX,2023-08-31,433.68,445.2499,398.15,443147000.0
AMD,2023-08-31,105.72,119.5,99.58,1615671000.0
INTC,2023-08-31,35.14,36.02,32.02,4188000000.0
MSFT,2023-08-31,327.76,338.54,311.5508,7429764000.0
CRM,2023-08-31,221.46,228.79,200.2,974000000.0
NVDA,2023-08-31,493.55,502.66,403.11,2470000000.0
AVGO,2023-08-31,922.89,923.67,812.0,412685000.0
PLTR,2023-08-31,14.98,20.2399,13.68,2047249000.0
AMZN,2023-08-31,138.01,143.63,126.41,10317751000.0
PYPL,2023-08-31,62.51,76.28,57.29,1098037000.0
SHOP,2023-08-31,66.49,67.64,51.2,1203500000.0
META,2023-08-31,295.89,324.14,274.38,2222583000.0
QCOM,2023-08-31,114.53,132.39,107.76,1116000000.0
ZM,2023-08-31,71.03,73.04,63.585,250875000.0
GOOG,2023-08-31,137.35,138.4,127.0,5801000000.0
AAPL,2023-08-31,187.87,196.73,171.96,15634232000.0
AVGO,2023-07-31,898.65,923.18,844.33,412685000.0
PLTR,2023-07-31,19.84,19.995,14.62,2013759000.0
NVDA,2023-07-31,467.29,480.88,413.46,2470000000.0
ADBE,2023-07-31,546.17,552.94,475.0,455800000.0
GOOGL,2023-07-31,132.72,133.74,115.35,5933000000.0
INTC,2023-07-31,35.77,37.19,31.38,4188000000.0
AMZN,2023-07-31,133.68,136.65,125.915,10260354000.0
CRM,2023-07-31,225.01,238.22,207.831,974000000.0
TSLA,2023-07-31,267.43,299.29,254.12,3173994000.0
PYPL,2023-07-31,75.82,76.54,65.63,1115714000.0
GOOG,2023-07-31,133.11,134.07,115.83,5801000000.0
ZM,2023-07-31,73.35,75.1,64.33,250875000.0
META,2023-07-31,318.6,326.2,284.8499,2222583000.0
SNOW,2023-07-31,177.71,193.23,162.6,325900000.0
MSFT,2023-07-31,335.92,366.78,327.0,7429764000.0
SHOP,2023-07-31,67.58,71.43,60.5099,1199415000.0
QCOM,2023-07-31,132.17,132.97,113.62,1114000000.0
AMD,2023-07-31,114.4,122.12,108.55,1610362000.0
NFLX,2023-07-31,438.97,485.0,411.88,443147000.0
AAPL,2023-07-31,196.45,198.23,186.6,15728702000.0
AAPL,2023-06-30,193.97,194.48,176.9306,15728702000.0
NVDA,2023-06-30,423.02,439.9,373.56,2470000000.0
ADBE,2023-06-30,488.99,518.74,412.29,455800000.0
AVGO,2023-06-30,867.43,889.95,776.38,412685000.0
TSLA,2023-06-30,261.77,276.99,199.37,3169504000.0
INTC,2023-06-30,33.44,37.11,29.695,4171000000.0
QCOM,2023-06-30,119.04,125.4,112.24,1114000000.0
PYPL,2023-06-30,66.73,69.2,61.83,1115714000.0
ZM,2023-06-30,67.88,71.49,65.005,250875000.0
NFLX,2023-06-30,440.49,448.65,393.08,444537000.0
AMD,2023-06-30,113.91,132.83,107.08,1610362000.0
SNOW,2023-06-30,175.98,193.94,160.0,325900000.0
META,2023-06-30,286.98,289.79,258.88,2212153000.0
GOOGL,2023-06-30,119.7,129.04,116.1,5941000000.0
SHOP,2023-06-30,64.6,67.36,55.42,1199415000.0
GOOG,2023-06-30,120.97,129.55,116.91,5874000000.0
MSFT,2023-06-30,340.54,351.47,322.5,7435488000.0
AMZN,2023-06-30,130.36,131.49,119.93,10260354000.0
PLTR,2023-06-30,15.33,17.16,13.56,2013759000.0
CRM,2023-06-30,211.26,220.39,204.78,974000000.0
AAPL,2023-05-31,177.25,179.35,164.31,15728702000.0
INTC,2023-05-31,31.44,32.29,26.855,4171000000.0
AMZN,2023-05-31,120.58,122.92,101.15,10260354000.0
TSLA,2023-05-31,203.93,204.48,158.83,3169504000.0
SNOW,2023-05-31,165.36,185.0,142.4424,325000000.0
ADBE,2023-05-31,417.79,432.99,331.89,458700000.0
SHOP,2023-05-31,57.19,65.54,46.08,1199415000.0
CRM,2023-05-31,223.38,225.0,190.76,1000000000.0
GOOG,2023-05-31,123.37,127.05,104.5,5874000000.0
ZM,2023-05-31,67.13,71.99,60.4788,250875000.0
PYPL,2023-05-31,61.99,76.5,58.95,1115714000.0
QCOM,2023-05-31,113.41,117.58,101.47,1114000000.0
MSFT,2023-05-31,328.39,335.94,303.4,7435488000.0
AVGO,2023-05-31,807.96,921.7799,601.29,416924000.0
NVDA,2023-05-31,378.34,419.38,272.4,2470000000.0
PLTR,2023-05-31,14.71,15.005,7.28,2013759000.0
META,2023-05-31,264.72,268.65,229.85,2212153000.0
NFLX,2023-05-31,395.23,405.11,315.62,444537000.0
AMD,2023-05-31,118.21,130.79,81.02,1610362000.0
GOOGL,2023-05-31,122.87,126.43,103.71,5941000000.0
AAPL,2023-04-30,169.68,169.85,159.78,15821946000.0
ADBE,2023-04-30,377.56,386.0,357.25,458700000.0
SHOP,2023-04-30,48.45,49.86,43.5,1197172000.0
QCOM,2023-04-30,116.8,127.574,112.15,1115000000.0
INTC,2023-04-30,31.06,33.84,28.51,4137000000.0
GOOG,2023-04-30,108.22,109.63,102.38,5874000000.0
PLTR,2023-04-30,7.75,9.04,7.62,1997726000.0
GOOGL,2023-04-30,107.34,109.17,101.93,5941000000.0
NFLX,2023-04-30,329.93,349.8,316.1,444537000.0
PYPL,2023-04-30,76.0,77.95,71.03,1131373000.0
ZM,2023-04-30,61.43,74.41,60.45,247167000.0
AVGO,2023-04-30,626.5,644.235,603.23,416924000.0
SNOW,2023-04-30,148.08,158.0,135.26,325000000.0
AMD,2023-04-30,89.37,97.27,83.76,1611388000.0
META,2023-04-30,240.32,241.685,207.13,2225763000.0
CRM,2023-04-30,198.37,200.12,187.31,1000000000.0
AMZN,2023-04-30,105.45,110.86,97.705,10247260000.0
NVDA,2023-04-30,277.49,281.1,262.2,2470000000.0
TSLA,2023-04-30,164.31,202.6897,152.37,3169504000.0
MSFT,2023-04-30,307.26,308.93,275.37,7435488000.0
AAPL,2023-03-31,164.9,165.0,143.9,15821946000.0
QCOM,2023-03-31,127.58,128.19,113.14,1115000000.0
PLTR,2023-03-31,8.45,8.62,7.19,1997726000.0
SHOP,2023-03-31,47.94,48.135,39.02,1197172000.0
ADBE,2023-03-31,385.37,385.73,321.0,458700000.0
TSLA,2023-03-31,207.46,207.79,163.91,3164103000.0
SNOW,2023-03-31,154.29,156.65,128.56,325000000.0
GOOG,2023-03-31,104.0,107.51,89.77,5968000000.0
INTC,2023-03-31,32.67,32.9,24.97,4137000000.0
META,2023-03-31,211.94,212.17,171.43,2225763000.0
AMZN,2023-03-31,103.29,103.49,88.12,10247260000.0
NVDA,2023-03-31,277.77,278.3431,222.97,2470000000.0
AMD,2023-03-31,98.01,102.43,76.65,1611388000.0
GOOGL,2023-03-31,103.73,106.59,89.42,5956000000.0
ZM,2023-03-31,73.84,75.8,64.4627,245652000.0
AVGO,2023-03-31,641.54,648.4999,586.13,416924000.0
CRM,2023-03-31,199.78,200.0,162.98,1000000000.0
MSFT,2023-03-31,288.3,289.27,245.61,7443804000.0
PYPL,2023-03-31,75.94,79.2651,71.0856,1131373000.0
NFLX,2023-03-31,345.48,345.84,285.3301,445347000.0
AAPL,2023-02-28,147.41,157.38,141.32,15821946000.0
ADBE,2023-02-28,323.95,402.49,318.6,457800000.0
QCOM,2023-02-28,123.53,139.94,122.92,1115000000.0
MSFT,2023-02-28,249.42,276.76,245.47,7443804000.0
PLTR,2023-02-28,7.84,10.31,7.45,1979274000.0
META,2023-02-28,174.94,197.16,147.06,2225763000.0
INTC,2023-02-28,24.93,31.17,24.73,4137000000.0
AVGO,2023-02-28,594.29,617.01,572.1,417886000.0
TSLA,2023-02-28,205.71,217.65,169.93,3164103000.0
NVDA,2023-02-28,232.16,238.88,196.11,2460000000.0
ZM,2023-02-28,74.59,85.13,72.1912,245652000.0
CRM,2023-02-28,163.61,178.84,159.655,1000000000.0
GOOGL,2023-02-28,90.06,108.18,88.575,5956000000.0
AMD,2023-02-28,78.58,88.9388,75.9201,1612356000.0
NFLX,2023-02-28,322.13,379.4301,314.3,445347000.0
PYPL,2023-02-28,73.6,88.625,72.98,1131373000.0
GOOG,2023-02-28,90.3,108.82,88.86,5968000000.0
SHOP,2023-02-28,41.14,54.665,39.74,1197172000.0
AMZN,2023-02-28,94.23,114.0,92.3186,10247260000.0
SNOW,2023-02-28,154.38,178.7,145.28,321600000.0
AAPL,2023-01-31,144.29,147.23,124.17,15836213000.0
ADBE,2023-01-31,370.34,373.42,322.44,457800000.0
PLTR,2023-01-31,7.78,8.76,5.84,1979274000.0
META,2023-01-31,148.97,153.19,122.28,2255321000.0
AVGO,2023-01-31,585.01,601.675,549.99,417886000.0
SHOP,2023-01-31,49.27,50.17,34.65,1190109000.0
NVDA,2023-01-31,195.37,206.28,140.34,2460000000.0
CRM,2023-01-31,167.97,168.01,133.03,1000000000.0
QCOM,2023-01-31,133.21,134.89,107.13,1121000000.0
GOOG,2023-01-31,99.87,101.58,85.57,6086000000.0
NFLX,2023-01-31,353.86,369.02,288.7,445347000.0
AMD,2023-01-31,75.15,77.0798,60.05,1612356000.0
INTC,2023-01-31,28.26,30.49,26.37,4137000000.0
MSFT,2023-01-31,247.81,249.83,219.35,7443804000.0
PYPL,2023-01-31,81.49,82.5348,73.38,1140028000.0
SNOW,2023-01-31,156.44,161.32,119.27,321600000.0
TSLA,2023-01-31,173.22,180.68,101.81,3164103000.0
AMZN,2023-01-31,103.13,103.485,81.43,10247260000.0
ZM,2023-01-31,75.0,78.44,64.93,245652000.0
GOOGL,2023-01-31,98.84,100.32,84.86,5973000000.0
AAPL,2022-12-31,129.93,150.9199,125.87,15908118000.0
ADBE,2022-12-31,336.53,355.67,324.345,464900000.0
NFLX,2022-12-31,294.88,332.7236,273.41,445020000.0
GOOGL,2022-12-31,88.23,102.25,85.94,5973000000.0
SHOP,2022-12-31,34.71,45.06,32.35,1190109000.0
PYPL,2022-12-31,71.22,80.7455,66.385,1140028000.0
QCOM,2022-12-31,109.94,128.2,106.82,1121000000.0
CRM,2022-12-31,132.59,147.586,126.34,1000000000.0
GOOG,2022-12-31,88.73,102.59,86.3701,6086000000.0
AMD,2022-12-31,64.77,79.23,61.96,1612356000.0
NVDA,2022-12-31,146.14,187.9,138.84,2460000000.0
META,2022-12-31,120.34,124.67,112.46,2255321000.0
INTC,2022-12-31,26.43,30.48,25.35,4127000000.0
TSLA,2022-12-31,123.18,198.92,108.24,3157752000.0
MSFT,2022-12-31,239.82,263.915,233.87,7454473000.0
ZM,2022-12-31,67.74,81.69,63.55,245652000.0
PLTR,2022-12-31,6.42,7.97,5.92,1979274000.0
SNOW,2022-12-31,143.54,162.7,132.51,321600000.0
AVGO,2022-12-31,559.13,585.65,516.05,417886000.0
AMZN,2022-12-31,84.0,97.23,81.69,10201654000.0
AAPL,2022-11-30,148.03,155.45,134.38,15908118000.0
NFLX,2022-11-30,305.53,312.71,252.09,445020000.0
MSFT,2022-11-30,255.14,255.33,213.431,7454473000.0
QCOM,2022-11-30,126.49,128.125,101.93,1121000000.0
SNOW,2022-11-30,142.9,168.0,122.77,320000000.0
CRM,2022-11-30,160.25,165.6999,136.04,1000000000.0
ZM,2022-11-30,75.43,89.67,69.54,245652000.0
PLTR,2022-11-30,7.5,9.06,6.89,1979274000.0
PYPL,2022-11-30,78.41,92.62,71.168,1140028000.0
GOOG,2022-11-30,101.45,101.45,83.45,6086000000.0
TSLA,2022-11-30,194.7,237.3951,166.185,3157752000.0
AMZN,2022-11-30,96.54,104.58,85.87,10201654000.0
GOOGL,2022-11-30,100.99,101.04,83.34,5973000000.0
NVDA,2022-11-30,169.23,169.98,129.56,2460000000.0
AVGO,2022-11-30,551.03,551.66,441.36,416644000.0
AMD,2022-11-30,77.63,79.16,58.03,1612356000.0
INTC,2022-11-30,30.07,31.335,27.17,4127000000.0
META,2022-11-30,118.1,118.74,88.09,2248672000.0
ADBE,2022-11-30,344.93,350.9699,278.23,464900000.0
SHOP,2022-11-30,40.88,41.73,30.44,1190109000.0
PYPL,2022-10-31,83.58,95.57,79.3501,1156476000.0
AAPL,2022-10-31,153.34,157.5,134.37,15908118000.0
ZM,2022-10-31,83.44,85.46,70.435,250975000.0
NFLX,2022-10-31,291.88,305.63,211.73,445020000.0
MSFT,2022-10-31,232.13,251.04,219.13,7454473000.0
PLTR,2022-10-31,8.79,9.05,7.53,1963815000.0
GOOG,2022-10-31,94.66,105.0999,91.9,6086000000.0
GOOGL,2022-10-31,94.51,104.82,91.8,5973000000.0
AVGO,2022-10-31,470.12,489.7,415.0682,416644000.0
AMZN,2022-10-31,102.44,123.0,97.66,10201654000.0
TSLA,2022-10-31,227.54,257.5,198.5863,3157752000.0
AMD,2022-10-31,60.06,70.29,54.57,1614321000.0
META,2022-10-31,93.16,142.3901,92.6,2280672000.0
SNOW,2022-10-31,160.3,189.75,145.62,320000000.0
SHOP,2022-10-31,34.23,36.16,23.6304,1190109000.0
INTC,2022-10-31,28.43,29.2186,24.59,4127000000.0
QCOM,2022-10-31,117.66,127.209,104.66,1123000000.0
NVDA,2022-10-31,134.97,138.5,108.13,2490000000.0
CRM,2022-10-31,162.59,166.03,137.59,1000000000.0
ADBE,2022-10-31,318.5,330.5849,276.595,464900000.0
AAPL,2022-09-30,138.2,164.26,138.0,16070752000.0
AVGO,2022-09-30,444.01,531.26,443.635,416644000.0
MSFT,2022-09-30,232.9,267.45,232.73,7457892000.0
GOOGL,2022-09-30,95.65,111.62,95.56,5996000000.0
SNOW,2022-09-30,169.96,203.62,164.25,320000000.0
AMZN,2022-09-30,113.0,136.49,112.06,10187555000.0
PLTR,2022-09-30,8.13,8.5,7.13,1963815000.0
NFLX,2022-09-30,235.44,250.49,214.69,444706000.0
AMD,2022-09-30,63.36,85.68,62.8301,1614321000.0
PYPL,2022-09-30,86.07,99.3,84.13,1156476000.0
META,2022-09-30,135.68,171.39,134.1201,2280672000.0
INTC,2022-09-30,25.77,32.375,25.74,4106000000.0
CRM,2022-09-30,143.84,165.66,143.75,1000000000.0
QCOM,2022-09-30,112.98,134.22,112.92,1123000000.0
SHOP,2022-09-30,26.94,35.81,26.38,1189360000.0
ZM,2022-09-30,73.59,84.78,72.96,250975000.0
NVDA,2022-09-30,121.39,145.47,119.4601,2490000000.0
GOOG,2022-09-30,96.15,112.64,96.03,6163000000.0
ADBE,2022-09-30,275.2,396.39,274.73,464900000.0
TSLA,2022-09-30,265.25,313.8,262.47,3133470000.0
AAPL,2022-08-31,157.22,176.15,157.14,16070752000.0
SNOW,2022-08-31,180.95,205.66,143.04,318100000.0
MSFT,2022-08-31,261.47,294.18,260.66,7457892000.0
ADBE,2022-08-31,373.44,451.15,371.06,468000000.0
ZM,2022-08-31,80.4,119.82,79.34,250975000.0
PYPL,2022-08-31,93.44,103.03,85.2701,1156476000.0
GOOGL,2022-08-31,108.22,122.43,107.8,5996000000.0
INTC,2022-08-31,31.92,37.69,31.77,4106000000.0
META,2022-08-31,162.93,183.1,155.2301,2280672000.0
CRM,2022-08-31,156.12,194.37,155.97,1000000000.0
SHOP,2022-08-31,31.65,45.43,30.53,1186451000.0
GOOG,2022-08-31,109.15,123.26,108.8,6163000000.0
QCOM,2022-08-31,132.27,152.91,131.3,1123000000.0
PLTR,2022-08-31,7.72,11.62,7.68,1963815000.0
NVDA,2022-08-31,150.94,192.74,149.5851,2504014000.0
NFLX,2022-08-31,223.56,251.99,218.74,444706000.0
TSLA,2022-08-31,275.61,314.6667,271.81,3133470000.0
AMD,2022-08-31,84.87,104.59,83.72,1620508000.0
AMZN,2022-08-31,126.77,146.57,126.74,10187555000.0
AVGO,2022-08-31,499.11,560.56,496.54,403818000.0
AAPL,2022-07-31,162.51,163.63,135.66,16185181000.0
SNOW,2022-07-31,149.91,164.78,129.78,318100000.0
ZM,2022-07-31,103.86,124.05,96.11,251703000.0
INTC,2022-07-31,36.31,40.73,35.24,4089000000.0
MSFT,2022-07-31,280.74,282.0,245.94,7479033000.0
PYPL,2022-07-31,86.53,87.62,68.51,1158040000.0
SHOP,2022-07-31,34.83,40.68,29.72,1186451000.0
NFLX,2022-07-31,224.9,230.75,169.702,444274000.0
PLTR,2022-07-31,10.35,10.76,8.65,1946706000.0
QCOM,2022-07-31,145.06,156.66,120.36,1120000000.0
CRM,2022-07-31,184.02,187.56,157.65,995000000.0
AMZN,2022-07-31,134.95,137.65,105.8469,10174410000.0
AMD,2022-07-31,94.47,94.81,71.6,1620508000.0
NVDA,2022-07-31,181.63,182.44,140.55,2504014000.0
ADBE,2022-07-31,410.12,414.62,359.07,468000000.0
GOOGL,2022-07-31,116.32,119.685,104.07,5996000000.0
AVGO,2022-07-31,535.48,537.83,463.91,403818000.0
GOOG,2022-07-31,116.64,120.435,104.76,6163000000.0
META,2022-07-31,159.1,183.85,154.85,2293519000.0
TSLA,2022-07-31,891.45,894.96,648.5001,1044490000.0
AAPL,2022-06-30,136.72,151.74,129.04,16185181000.0
ADBE,2022-06-30,366.06,441.9,338.0,472500000.0
ZM,2022-06-30,107.97,123.73,102.12,251703000.0
SNOW,2022-06-30,139.06,154.62,110.265,318100000.0
PYPL,2022-06-30,69.84,89.32,67.58,1158040000.0
NVDA,2022-06-30,151.59,196.19,148.62,2504014000.0
MSFT,2022-06-30,256.83,277.69,241.51,7479033000.0
AVGO,2022-06-30,485.81,590.94,480.71,403818000.0
AMD,2022-06-30,76.47,109.57,75.48,1620508000.0
PLTR,2022-06-30,9.07,10.2,7.5,1946706000.0
SHOP,2022-06-30,31.24,40.1,29.7641,1141938000.0
GOOGL,2022-06-30,2179.26,2386.94,2100.92,300764000.0
NFLX,2022-06-30,174.87,207.38,164.28,444274000.0
GOOG,2022-06-30,2187.45,2387.9696,2112.5706,313376000.0
META,2022-06-30,161.25,202.03,154.25,2293519000.0
CRM,2022-06-30,165.04,192.6799,158.17,995000000.0
INTC,2022-06-30,37.41,44.93,36.6,4089000000.0
AMZN,2022-06-30,106.21,128.99,101.43,10174410000.0
QCOM,2022-06-30,127.74,146.25,118.225,1120000000.0
TSLA,2022-06-30,673.42,792.63,626.08,1036010000.0
AAPL,2022-05-31,148.84,166.48,132.61,16185181000.0
ADBE,2022-05-31,416.48,428.55,370.27,472500000.0
NVDA,2022-05-31,186.72,204.0,155.67,2504014000.0
META,2022-05-31,193.64,224.3,176.11,2293519000.0
MSFT,2022-05-31,271.87,290.88,246.44,7479033000.0
TSLA,2022-05-31,758.26,955.5,620.57,1036010000.0
GOOG,2022-05-31,2280.78,2462.86,2044.16,313376000.0
CRM,2022-05-31,160.24,185.98,154.55,993917000.0
AMZN,2022-05-31,2404.19,2524.41,2025.2,508720000.0
SNOW,2022-05-31,127.65,187.23,112.1,314600000.0
ZM,2022-05-31,107.45,112.87,79.03,247289000.0
AVGO,2022-05-31,580.13,609.0,512.44,403818000.0
AMD,2022-05-31,101.86,104.55,83.27,1620508000.0
SHOP,2022-05-31,375.12,487.99,308.0601,114194000.0
QCOM,2022-05-31,143.22,149.5,125.86,1120000000.0
GOOGL,2022-05-31,2275.24,2457.09,2037.6936,300764000.0
INTC,2022-05-31,44.42,46.64,40.31,4089000000.0
PLTR,2022-05-31,8.68,11.01,6.44,1946706000.0
PYPL,2022-05-31,85.21,92.85,71.8312,1158040000.0
NFLX,2022-05-31,197.44,204.38,162.71,444274000.0
AAPL,2022-04-30,157.65,178.49,155.38,16319441000.0
GOOG,2022-04-30,2299.33,2880.875,2262.485,315574000.0
META,2022-04-30,200.47,236.86,169.0,2302151000.0
ADBE,2022-04-30,395.95,473.49,394.64,472500000.0
TSLA,2022-04-30,870.76,1152.87,821.7,1033508000.0
ZM,2022-04-30,99.57,126.44,95.72,247289000.0
NVDA,2022-04-30,185.47,275.58,182.9,2504014000.0
MSFT,2022-04-30,277.52,315.11,270.0,7496866000.0
SNOW,2022-04-30,171.44,244.05,171.125,314600000.0
CRM,2022-04-30,175.94,221.0,167.55,993917000.0
GOOGL,2022-04-30,2282.19,2874.24,2254.7301,300759000.0
INTC,2022-04-30,43.59,49.9,43.5,4088696000.0
PYPL,2022-04-30,87.93,122.918,82.12,1161296000.0
AMD,2022-04-30,85.52,111.42,84.02,1620158000.0
AVGO,2022-04-30,554.39,636.72,553.395,408281000.0
PLTR,2022-04-30,10.4,14.86,10.36,1929183000.0
QCOM,2022-04-30,139.69,154.13,130.66,1127000000.0
AMZN,2022-04-30,2485.63,3367.89,2432.5,508624000.0
NFLX,2022-04-30,190.36,396.02,185.6,444274000.0
SHOP,2022-04-30,426.82,741.34,411.17,114185000.0
AAPL,2022-03-31,174.61,179.61,150.1,16319441000.0
GOOGL,2022-03-31,2781.35,2875.87,2505.5,300755000.0
TSLA,2022-03-31,1077.6,1114.77,756.04,1033508000.0
PLTR,2022-03-31,13.73,14.36,10.27,1929183000.0
SNOW,2022-03-31,229.13,272.88,164.29,306300000.0
MSFT,2022-03-31,308.31,315.95,270.0,7496866000.0
QCOM,2022-03-31,152.82,171.84,139.05,1127000000.0
ZM,2022-03-31,117.23,136.0,94.51,247289000.0
AMD,2022-03-31,109.34,125.67,100.08,1627365000.0
ADBE,2022-03-31,455.62,479.21,407.94,472351000.0
AMZN,2022-03-31,3259.95,3416.63,2671.45,508844000.0
INTC,2022-03-31,49.56,52.51,44.07,4072000000.0
PYPL,2022-03-31,115.65,122.81,92.25,1165005000.0
META,2022-03-31,222.36,231.151,185.82,2309080000.0
NFLX,2022-03-31,374.59,396.5,329.82,443963000.0
GOOG,2022-03-31,2792.99,2883.25,2517.215,315639000.0
NVDA,2022-03-31,272.86,289.46,206.5,2510000000.0
SHOP,2022-03-31,675.96,780.0,510.02,114008000.0
CRM,2022-03-31,212.32,222.155,189.2,990000000.0
AVGO,2022-03-31,629.68,645.31,563.61,408281000.0
AAPL,2022-02-28,165.12,176.65,152.0,16319441000.0
QCOM,2022-02-28,171.99,192.1,155.79,1127000000.0
TSLA,2022-02-28,870.43,947.77,700.0,1033508000.0
PLTR,2022-02-28,11.85,14.37,9.74,1929183000.0
ZM,2022-02-28,132.6,156.05,114.26,242240000.0
MSFT,2022-02-28,298.79,315.12,271.52,7496866000.0
GOOGL,2022-02-28,2701.14,3030.9315,2499.065,300755000.0
AVGO,2022-02-28,587.44,614.64,549.02,409613000.0
SNOW,2022-02-28,265.66,329.49,240.1,306300000.0
AMD,2022-02-28,123.34,132.96,104.26,1627365000.0
PYPL,2022-02-28,111.93,176.2,94.5,1165005000.0
GOOG,2022-02-28,2697.82,3042.0,2495.29,315639000.0
AMZN,2022-02-28,3071.26,3276.69,2766.66,508844000.0
META,2022-02-28,211.03,328.0,190.22,2309080000.0
ADBE,2022-02-28,467.68,540.46,416.8124,471700000.0
NVDA,2022-02-28,243.85,269.2499,208.9,2500000000.0
INTC,2022-02-28,47.7,49.97,43.625,4072000000.0
CRM,2022-02-28,210.53,234.49,184.44,985000000.0
SHOP,2022-02-28,694.26,988.5,585.03,114008000.0
NFLX,2022-02-28,394.52,458.48,354.72,443963000.0
AAPL,2022-01-31,174.78,182.94,154.7,16319441000.0
QCOM,2022-01-31,175.76,193.58,157.38,1125082000.0
TSLA,2022-01-31,936.72,1208.0,792.01,1004265000.0
PLTR,2022-01-31,13.71,18.84,11.75,1906590000.0
META,2022-01-31,313.26,343.0854,289.01,2366278000.0
AMZN,2022-01-31,2991.47,3428.0,2707.04,507148000.0
NFLX,2022-01-31,427.14,609.99,351.46,443963000.0
GOOGL,2022-01-31,2706.07,2929.6978,2490.0,300810000.0
ZM,2022-01-31,154.28,184.91,134.7,242240000.0
SHOP,2022-01-31,964.24,1393.67,780.0,113633000.0
GOOG,2022-01-31,2713.97,2932.2,2492.839,317738000.0
NVDA,2022-01-31,244.86,307.11,208.88,2500000000.0
CRM,2022-01-31,232.63,256.87,207.51,985000000.0
ADBE,2022-01-31,534.3,575.0,480.62,471700000.0
AMD,2022-01-31,114.25,152.42,99.35,1207610000.0
AVGO,2022-01-31,585.88,672.1862,513.4,412874000.0
INTC,2022-01-31,48.82,56.28,46.3,4072000000.0
MSFT,2022-01-31,310.98,338.0,276.05,7496866000.0
SNOW,2022-01-31,275.9,344.0,232.83,306300000.0
PYPL,2022-01-31,171.94,196.0998,152.08,1174930000.0
QCOM,2021-12-31,182.87,192.68,171.21,1125082000.0
AAPL,2021-12-31,177.57,182.13,157.8,16406397000.0
TSLA,2021-12-31,1056.78,1172.8399,886.12,1004265000.0
ADBE,2021-12-31,567.06,678.78,538.05,475800000.0
SHOP,2021-12-31,1377.39,1558.0,1271.8888,113633000.0
PLTR,2021-12-31,18.21,20.89,17.81,1906590000.0
NFLX,2021-12-31,602.44,654.52,581.74,442952000.0
INTC,2021-12-31,51.5,55.0,48.33,4067000000.0
GOOGL,2021-12-31,2897.04,2982.0,2786.42,300810000.0
ZM,2021-12-31,183.91,211.5,174.66,242240000.0
MSFT,2021-12-31,336.32,344.3,317.25,7507980000.0
GOOG,2021-12-31,2893.59,2992.1,2805.0,317738000.0
NVDA,2021-12-31,294.11,332.8934,271.45,2500000000.0
AMD,2021-12-31,143.9,160.88,130.6,1207610000.0
SNOW,2021-12-31,338.75,377.26,305.61,306300000.0
AVGO,2021-12-31,665.41,677.76,544.0,412874000.0
PYPL,2021-12-31,188.58,197.69,179.15,1174930000.0
CRM,2021-12-31,254.13,276.94,245.25,985000000.0
AMZN,2021-12-31,3334.34,3559.88,3303.9,507148000.0
META,2021-12-31,336.35,352.71,299.5,2366278000.0
AAPL,2021-11-30,165.3,165.7,147.48,16406397000.0
QCOM,2021-11-30,180.56,188.77,132.44,1125082000.0
TSLA,2021-11-30,1144.76,1243.49,978.6,1004265000.0
NFLX,2021-11-30,641.9,700.9894,640.01,442952000.0
SHOP,2021-11-30,1521.79,1762.9184,1452.05,113633000.0
MSFT,2021-11-30,330.59,349.67,326.37,7507980000.0
PLTR,2021-11-30,20.65,27.11,20.05,1906590000.0
GOOG,2021-11-30,2849.04,3037.0,2841.32,317738000.0
INTC,2021-11-30,49.2,51.99,48.115,4067000000.0
CRM,2021-11-30,284.96,311.75,283.04,979000000.0
GOOGL,2021-11-30,2837.95,3019.33,2832.03,300810000.0
ADBE,2021-11-30,669.85,699.54,634.78,475800000.0
AMD,2021-11-30,158.37,164.4599,118.1301,1207610000.0
NVDA,2021-11-30,326.76,346.47,252.27,2500000000.0
AMZN,2021-11-30,3507.07,3762.145,3283.55,507148000.0
META,2021-11-30,324.46,353.83,323.2,2366278000.0
PYPL,2021-11-30,184.89,233.55,180.5,1174930000.0
SNOW,2021-11-30,340.15,405.0,335.05,300900000.0
AVGO,2021-11-30,553.68,577.21,524.93,411616000.0
ZM,2021-11-30,211.41,291.31,195.8,242240000.0
MSFT,2021-10-31,331.62,332.0,280.25,7507980000.0
AAPL,2021-10-31,149.8,153.165,138.27,16406397000.0
ADBE,2021-10-31,650.36,659.19,552.14,475800000.0
TSLA,2021-10-31,1114.0,1115.21,763.59,1004265000.0
SHOP,2021-10-31,1466.73,1506.72,1285.9,113199000.0
NFLX,2021-10-31,690.31,690.9699,594.68,442952000.0
INTC,2021-10-31,49.0,56.07,47.87,4067000000.0
PYPL,2021-10-31,232.59,273.51,231.71,1175032000.0
CRM,2021-10-31,299.69,300.78,266.14,979000000.0
QCOM,2021-10-31,133.04,133.83,122.165,1128000000.0
AVGO,2021-10-31,531.67,536.07,472.78,411616000.0
PLTR,2021-10-31,25.88,26.75,23.02,1866000000.0
AMZN,2021-10-31,3372.43,3479.0,3176.25,507148000.0
META,2021-10-31,323.57,345.02,308.11,2366278000.0
ZM,2021-10-31,274.65,286.94,250.11,240745000.0
AMD,2021-10-31,120.23,128.08,99.82,1207610000.0
NVDA,2021-10-31,255.67,257.09,195.55,2496000000.0
SNOW,2021-10-31,353.84,356.0,290.01,300900000.0
GOOGL,2021-10-31,2960.92,2973.0,2621.0,300810000.0
GOOG,2021-10-31,2965.41,2982.36,2623.33,317738000.0
MSFT,2021-09-30,281.92,305.32,281.62,7514891000.0
AAPL,2021-09-30,141.5,157.26,141.27,16530166000.0
ADBE,2021-09-30,575.72,673.88,573.2358,475800000.0
AVGO,2021-09-30,484.93,510.7,484.4801,411616000.0
PYPL,2021-09-30,260.21,296.7,256.89,1175032000.0
NFLX,2021-09-30,610.34,619.0,568.08,442596000.0
QCOM,2021-09-30,128.98,148.1,128.695,1128000000.0
INTC,2021-09-30,53.28,55.485,52.32,4057000000.0
PLTR,2021-09-30,24.04,29.29,23.88,1866000000.0
CRM,2021-09-30,271.22,286.36,252.19,979000000.0
SHOP,2021-09-30,1355.78,1588.0,1341.14,113199000.0
TSLA,2021-09-30,775.48,799.0,708.85,990015000.0
META,2021-09-30,339.39,384.33,338.15,2383812000.0
AMD,2021-09-30,102.9,111.85,99.51,1212965000.0
ZM,2021-09-30,261.5,306.2634,255.25,240745000.0
GOOG,2021-09-30,2665.31,2936.4099,2660.0,320168000.0
NVDA,2021-09-30,207.16,229.86,204.67,2496000000.0
GOOGL,2021-09-30,2673.52,2925.075,2671.12,301085000.0
SNOW,2021-09-30,302.43,328.06,291.62,300900000.0
AMZN,2021-09-30,3285.04,3549.99,3273.99,506441000.0
PYPL,2021-08-31,288.66,292.65,266.6033,1175032000.0
AAPL,2021-08-31,151.83,153.49,144.5,16530166000.0
ADBE,2021-08-31,663.7,667.9,612.93,476400000.0
QCOM,2021-08-31,146.69,152.28,138.96,1128000000.0
TSLA,2021-08-31,735.72,740.39,648.84,990015000.0
PLTR,2021-08-31,26.34,26.6,21.48,1866000000.0
SHOP,2021-08-31,1524.78,1583.37,1437.5,113199000.0
MSFT,2021-08-31,301.88,305.84,283.74,7514891000.0
GOOGL,2021-08-31,2893.95,2919.41,2666.39,301085000.0
AVGO,2021-08-31,497.21,507.85,462.66,410261000.0
NFLX,2021-08-31,569.19,569.48,505.37,442596000.0
GOOG,2021-08-31,2909.24,2929.7899,2683.67,320168000.0
ZM,2021-08-31,289.5,404.3478,288.3,240745000.0
META,2021-08-31,379.38,382.759,347.7,2383812000.0
AMZN,2021-08-31,3470.79,3472.58,3175.76,506441000.0
SNOW,2021-08-31,304.35,307.42,247.88,296128000.0
INTC,2021-08-31,54.06,54.87,51.42,4057000000.0
CRM,2021-08-31,265.27,275.22,238.88,979000000.0
AMD,2021-08-31,110.72,122.49,101.975,1212965000.0
NVDA,2021-08-31,223.85,230.43,187.62,2496000000.0
GOOGL,2021-07-31,2694.53,2765.94,2430.63,301085000.0
AAPL,2021-07-31,145.86,150.0,135.76,16530166000.0
ADBE,2021-07-31,621.63,631.64,581.35,476400000.0
PYPL,2021-07-31,275.53,310.16,274.21,1175032000.0
META,2021-07-31,356.3,377.5499,334.5,2383812000.0
MSFT,2021-07-31,284.91,290.15,269.6,7531575000.0
SNOW,2021-07-31,265.72,275.0,234.78,296128000.0
QCOM,2021-07-31,149.8,151.52,135.6,1128000000.0
GOOG,2021-07-31,2704.42,2800.22,2496.995,320168000.0
AMZN,2021-07-31,3327.59,3773.0782,3306.98,504324000.0
INTC,2021-07-31,53.72,57.455,52.31,4057000000.0
CRM,2021-07-31,241.93,253.5,234.3101,971529000.0
AMD,2021-07-31,106.19,106.97,84.24,1212965000.0
ZM,2021-07-31,378.1,406.48,343.82,240192000.0
SHOP,2021-07-31,1499.93,1650.0,1393.01,113199000.0
PLTR,2021-07-31,21.71,26.13,20.55,1805226000.0
AVGO,2021-07-31,485.4,494.02,455.71,410261000.0
NVDA,2021-07-31,194.99,208.75,178.655,2492000000.0
NFLX,2021-07-31,517.57,557.5399,504.66,442596000.0
TSLA,2021-07-31,687.2,700.0,620.46,990015000.0
GOOGL,2021-06-30,2441.79,2461.91,2329.52,300747000.0
META,2021-06-30,347.71,358.14,323.48,2396047000.0
AAPL,2021-06-30,136.96,137.41,123.13,16687631000.0
ADBE,2021-06-30,585.64,592.2402,487.34,478000000.0
SNOW,2021-06-30,241.8,255.99,231.52,296128000.0
MSFT,2021-06-30,270.9,271.65,243.0,7531575000.0
AVGO,2021-06-30,476.84,478.59,458.44,410261000.0
QCOM,2021-06-30,142.93,143.628,131.42,1128000000.0
INTC,2021-06-30,56.14,58.415,55.1,4038000000.0
AMD,2021-06-30,93.93,94.335,78.96,1215021000.0
GOOG,2021-06-30,2506.32,2555.92,2382.83,323580000.0
TSLA,2021-06-30,679.7,697.62,571.22,963330000.0
NFLX,2021-06-30,528.21,536.13,482.14,443403000.0
SHOP,2021-06-30,1460.98,1552.23,1182.5,112776000.0
PLTR,2021-06-30,26.36,27.5,22.36,1805226000.0
PYPL,2021-06-30,291.48,296.01,256.15,1174728000.0
NVDA,2021-06-30,800.1,806.5,636.13,623000000.0
CRM,2021-06-30,244.27,247.69,229.43,926000000.0
AMZN,2021-06-30,3440.16,3524.8599,3172.2,504324000.0
ZM,2021-06-30,387.03,395.44,318.25,236782000.0
AVGO,2021-05-31,472.33,474.62,419.14,408302000.0
AAPL,2021-05-31,124.61,134.07,122.25,16687631000.0
ADBE,2021-05-31,504.58,511.74,468.5,478000000.0
AMZN,2021-05-31,3223.07,3486.645,3127.37,504324000.0
SNOW,2021-05-31,238.03,246.475,184.71,296128000.0
META,2021-05-31,328.73,333.78,298.19,2396047000.0
MSFT,2021-05-31,249.68,254.35,238.07,7531575000.0
GOOG,2021-05-31,2411.56,2442.944,2230.05,323580000.0
GOOGL,2021-05-31,2356.85,2389.05,2193.62,300747000.0
CRM,2021-05-31,238.1,243.5,208.91,922233000.0
NVDA,2021-05-31,649.78,651.099,538.36,623000000.0
INTC,2021-05-31,57.12,58.01,53.42,4038000000.0
SHOP,2021-05-31,1242.87,1280.99,1025.075,112776000.0
TSLA,2021-05-31,625.22,706.0,546.98,963330000.0
NFLX,2021-05-31,502.81,518.95,478.54,443403000.0
AMD,2021-05-31,80.08,82.0,72.5,1215021000.0
PYPL,2021-05-31,260.02,265.8,233.61,1174728000.0
ZM,2021-05-31,331.53,336.33,273.2,236275000.0
QCOM,2021-05-31,134.54,139.76,123.68,1128000000.0
PLTR,2021-05-31,22.95,24.75,17.055,1805226000.0
AVGO,2021-04-30,456.2,489.635,449.0,408302000.0
AAPL,2021-04-30,131.46,137.07,122.49,16687631000.0
CRM,2021-04-30,230.32,238.33,213.37,922233000.0
ADBE,2021-04-30,508.34,525.44,480.5,478000000.0
SNOW,2021-04-30,231.59,243.49,220.5,288700000.0
NVDA,2021-04-30,600.38,648.566,540.45,622384000.0
AMZN,2021-04-30,3467.42,3554.0,3115.55,504117000.0
MSFT,2021-04-30,252.18,263.19,238.0501,7531575000.0
GOOGL,2021-04-30,2353.5,2431.38,2091.43,300747000.0
GOOG,2021-04-30,2410.12,2452.378,2096.89,324512000.0
META,2021-04-30,325.08,331.81,296.04,2396047000.0
INTC,2021-04-30,57.53,68.49,57.07,4038000000.0
SHOP,2021-04-30,1182.51,1301.61,1087.26,112776000.0
PYPL,2021-04-30,262.29,277.86,245.7,1174261000.0
TSLA,2021-04-30,709.44,780.79,659.42,963330000.0
NFLX,2021-04-30,513.47,563.56,499.0,443403000.0
QCOM,2021-04-30,138.8,145.2965,132.47,1128000000.0
AMD,2021-04-30,81.62,89.2,77.935,1215021000.0
ZM,2021-04-30,319.57,345.02,313.1,234241000.0
PLTR,2021-04-30,23.04,26.2,21.24,1752007000.0
AAPL,2021-03-31,122.15,128.72,116.21,16788096000.0
CRM,2021-03-31,211.87,220.2,201.51,921000000.0
ADBE,2021-03-31,475.37,482.41,420.78,479326000.0
NVDA,2021-03-31,533.93,557.0,462.66,620000000.0
META,2021-03-31,294.53,299.705,253.5,2405448000.0
ZM,2021-03-31,321.29,440.0,302.32,234241000.0
SNOW,2021-03-31,229.28,280.1,205.07,220239000.0
INTC,2021-03-31,64.0,67.44,57.905,4072346000.0
AMD,2021-03-31,78.5,86.95,73.86,1211803000.0
QCOM,2021-03-31,132.59,140.1,122.99,1136000000.0
SHOP,2021-03-31,1106.5,1330.0,1005.14,112351000.0
PYPL,2021-03-31,242.84,277.5,223.09,1171176000.0
GOOGL,2021-03-31,2062.52,2113.74,1994.0,300737000.0
PLTR,2021-03-31,23.29,27.47,20.18,1752007000.0
GOOG,2021-03-31,2068.63,2128.81,2010.0,327556000.0
AMZN,2021-03-31,3094.08,3182.0,2881.0001,503565000.0
MSFT,2021-03-31,235.77,241.05,224.26,7542216000.0
AVGO,2021-03-31,463.66,490.8599,419.26,408302000.0
NFLX,2021-03-31,521.66,556.99,492.85,442895000.0
TSLA,2021-03-31,667.93,873.94,539.49,959854000.0
AAPL,2021-02-28,121.26,137.877,118.39,16788096000.0
ADBE,2021-02-28,459.67,506.51,450.12,478700000.0
INTC,2021-02-28,60.78,63.54,55.71,4063000000.0
ZM,2021-02-28,373.61,451.77,351.81,204598000.0
NVDA,2021-02-28,548.58,614.9,516.11,619000000.0
SNOW,2021-02-28,259.54,327.41,242.98,50700000.0
PLTR,2021-02-28,23.9,39.22,22.7,1471833000.0
AVGO,2021-02-28,469.87,495.14,453.59,408226000.0
AMZN,2021-02-28,3092.93,3434.0,3036.7,503565000.0
QCOM,2021-02-28,136.19,167.58,134.44,1136000000.0
GOOGL,2021-02-28,2021.91,2145.14,1844.585,300737000.0
MSFT,2021-02-28,232.38,246.13,227.88,7542216000.0
GOOG,2021-02-28,2036.86,2152.68,1850.93,327556000.0
SHOP,2021-02-28,1280.97,1499.75,1099.68,112235000.0
PYPL,2021-02-28,259.85,309.14,235.4,1171176000.0
TSLA,2021-02-28,675.5,880.5,619.0,959854000.0
NFLX,2021-02-28,538.85,566.65,518.28,442895000.0
CRM,2021-02-28,216.5,251.23,216.34,917734000.0
META,2021-02-28,257.62,276.6,254.04,2405448000.0
AMD,2021-02-28,84.51,94.22,79.36,1211280000.0
ZM,2021-01-31,372.07,404.44,331.1,204598000.0
AAPL,2021-01-31,131.96,145.09,126.382,16788096000.0
ADBE,2021-01-31,458.77,500.79,453.34,478700000.0
PLTR,2021-01-31,35.18,45.0,22.5,1471833000.0
AMZN,2021-01-31,3206.2,3363.89,3086.0,501751000.0
MSFT,2021-01-31,231.96,242.64,211.94,7542216000.0
SNOW,2021-01-31,272.45,325.72,264.0,50700000.0
INTC,2021-01-31,55.51,63.95,49.33,4063000000.0
NFLX,2021-01-31,532.39,593.2877,485.6701,442895000.0
CRM,2021-01-31,225.56,230.3,212.985,915445000.0
GOOG,2021-01-31,1835.74,1934.86,1699.0,329867000.0
SHOP,2021-01-31,1098.59,1247.45,1076.05,110044000.0
META,2021-01-31,258.33,286.79,244.61,2405448000.0
AMD,2021-01-31,85.64,99.23,85.02,1202712000.0
